driver_id,driver_ref,driver_number,driver_code,driver_firstname,driver_lastname,driver_dob,driver_nationality
1,beltoise,0,\N,Jean-Pierre,Beltoise,1937-04-26,French
2,rossi,53,RSS,Alexander,Rossi,1991-09-25,American
3,desire_wilson,0,\N,Desiré,Wilson,1953-11-26,South African
4,sainz,55,SAI,Carlos,Sainz,1994-01-09,Spanish
5,tunmer,0,\N,Guy,Tunmer,1948-01-12,South African
6,acheson,0,\N,Kenny,Acheson,1957-11-27,British
7,burgess,0,\N,Ian,Burgess,1930-06-07,British
8,cabianca,0,\N,Giulio,Cabianca,1923-02-19,Italian
9,friesacher,0,FRI,Patrick,Friesacher,1980-09-26,Austrian
10,tsunoda,22,TSU,Yuki,Tsunoda,2000-05-11,Japanese
11,mayer,0,\N,Timmy,Mayer,1938-02-22,American
12,mazet,0,\N,François,Mazet,1943-02-24,French
13,toshio_suzuki,0,\N,Toshio,Suzuki,1955-03-10,Japanese
14,revson,0,\N,Peter,Revson,1939-02-27,American
15,trulli,0,TRU,Jarno,Trulli,1974-07-13,Italian
16,mass,0,\N,Jochen,Mass,1946-09-30,German
17,vukovich,0,\N,Bill,Vukovich,1918-12-13,American
18,robarts,0,\N,Richard,Robarts,1944-09-22,British
19,nasr,12,NAS,Felipe,Nasr,1992-08-21,Brazilian
20,fontes,0,\N,Azdrubal,Fontes,1922-12-26,Uruguayan
21,branson,0,\N,Don,Branson,1920-02-06,American
22,roig,0,\N,Alex,Soler-Roig,1932-10-29,Spanish
23,crook,0,\N,Tony,Crook,1920-02-16,British
24,sutcliffe,0,\N,Andy,Sutcliffe,1947-09-05,British
25,cheever,0,\N,Eddie,Cheever,1958-01-10,American
26,fitch,0,\N,John,Fitch,1917-04-08,American
27,foyt,0,\N,Anthony,Foyt,1935-01-16,American
28,pizzonia,0,PIZ,Antônio,Pizzonia,1980-09-11,Brazilian
29,glock,0,GLO,Timo,Glock,1982-03-18,German
30,lucas,0,\N,Jean,Lucas,1917-04-25,French
31,biondetti,0,\N,Clemente,Biondetti,1898-08-18,Italian
32,duncan_hamilton,0,\N,Duncan,Hamilton,1920-04-30,British
33,bryan,0,\N,Jimmy,Bryan,1926-01-28,American
34,george_connor,0,\N,George,Connor,1906-08-16,American
35,baghetti,0,\N,Giancarlo,Baghetti,1934-12-25,Italian
36,kladis,0,\N,Danny,Kladis,1917-02-10,American
37,etancelin,0,\N,Philippe,Étancelin,1896-12-28,French
38,arnold,0,\N,Chuck,Arnold,1926-05-30,American
39,gaillard,0,\N,Patrick,Gaillard,1952-02-12,French
40,whitehead,0,\N,Peter,Whitehead,1914-11-12,British
41,daly,0,\N,Derek,Daly,1953-03-11,Irish
42,schiller,0,\N,Heinz,Schiller,1930-01-25,Swiss
43,londono,0,\N,Ricardo,Londoño,1949-08-08,Colombian
44,serafini,0,\N,Dorino,Serafini,1909-07-22,Italian
45,lippi,0,\N,Roberto,Lippi,1926-10-17,Italian
46,gerini,0,\N,Gerino,Gerini,1928-08-10,Italian
47,blignaut,0,\N,Alex,Blignaut,1932-11-30,South African
48,birger,0,\N,Pablo,Birger,1924-07-01,Argentine
49,gutierrez,21,GUT,Esteban,Gutiérrez,1991-05-08,Mexican
50,cantoni,0,\N,Eitel,Cantoni,1906-04-10,Uruguayan
51,loyer,0,\N,Roger,Loyer,1907-05-08,French
52,schoeller,0,\N,Rudolf,Schoeller,1902-04-27,Swiss
53,bucknum,0,\N,Ronnie,Bucknum,1936-05-04,American
54,watson,0,\N,John,Watson,1946-04-05,British
55,la_caze,0,\N,Robert,La Caze,1917-02-26,French
56,mantz,0,\N,Johnny,Mantz,1918-09-18,American
57,freeland,0,\N,Don,Freeland,1925-03-25,American
58,takagi,0,\N,Toranosuke,Takagi,1974-02-12,Japanese
59,raby,0,\N,Ian,Raby,1921-09-22,British
60,magnussen,0,MAG,Jan,Magnussen,1973-04-07,Danish
61,albon,23,ALB,Alexander,Albon,1996-03-23,Thai
62,russell,63,RUS,George,Russell,1998-02-15,British
63,reece,0,\N,Jimmy,Reece,1929-11-17,American
64,hobbs,0,\N,David,Hobbs,1939-09-06,British
65,gordini,0,\N,Aldo,Gordini,1921-05-20,French
66,south,0,\N,Stephen,South,1952-02-19,British
67,orey,0,\N,Fritz,d'Orey,1938-03-25,Brazilian
68,titterington,0,\N,Desmond,Titterington,1928-01-05,British
69,grignard,0,\N,Georges,Grignard,1905-07-25,French
70,alesi,0,\N,Jean,Alesi,1964-06-11,French
71,grouillard,0,\N,Olivier,Grouillard,1958-02-09,French
72,inoue,0,\N,Taki,Inoue,1963-05-09,Japanese
73,joachim_winkelhock,0,\N,Joachim,Winkelhock,1960-10-24,German
74,tornaco,0,\N,Charles,de Tornaco,1927-07-06,Belgian
75,fushida,0,\N,Hiroshi,Fushida,1946-03-10,Japanese
76,brise,0,\N,Tony,Brise,1952-03-28,British
77,kevin_magnussen,20,MAG,Kevin,Magnussen,1992-05-10,Danish
78,leston,0,\N,Les,Leston,1920-12-16,British
79,ganley,0,\N,Howden,Ganley,1941-12-24,New Zealander
80,villeneuve_sr,0,\N,Jacques,Villeneuve Sr.,1953-04-11,Canadian
81,brandon,0,\N,Eric,Brandon,1920-07-18,British
82,naylor,0,\N,Brian,Naylor,1923-03-24,British
83,constantine,0,\N,George,Constantine,1918-02-22,American
84,tingelstad,0,\N,Bud,Tingelstad,1928-04-04,American
85,branca,0,\N,Toni,Branca,1916-09-15,Swiss
86,amon,0,\N,Chris,Amon,1943-07-20,New Zealander
87,laffite,0,\N,Jacques,Laffite,1943-11-21,French
88,warwick,0,\N,Derek,Warwick,1954-08-27,British
89,milhoux,0,\N,André,Milhoux,1928-09-12,Belgian
90,crespo,0,\N,Alberto,Crespo,1920-01-16,Argentine
91,forberg,0,\N,Carl,Forberg,1911-04-03,American
92,ryan,0,\N,Peter,Ryan,1940-06-10,Canadian
93,gurney,0,\N,Dan,Gurney,1931-04-13,American
94,karch,0,\N,Oswald,Karch,1917-06-03,German
95,barber,0,\N,Skip,Barber,1936-11-16,American
96,harris,0,\N,Mike,Harris,1939-05-25,South African
97,moser,0,\N,Silvio,Moser,1941-04-24,Swiss
98,lauda,0,\N,Niki,Lauda,1949-02-22,Austrian
99,manzon,0,\N,Robert,Manzon,1917-04-12,French
100,davidson,0,DAV,Anthony,Davidson,1979-04-18,British
101,crockett,0,\N,Larry,Crockett,1926-10-23,American
102,slotemaker,0,\N,Rob,Slotemaker,1929-06-13,Dutch
103,loof,0,\N,Ernst,Loof,1907-04-07,German
104,force,0,\N,Gene,Force,1916-06-15,American
105,galica,0,\N,Divina,Galica,1944-08-13,British
106,hart,0,\N,Brian,Hart,1936-07-09,British
107,cantrell,0,\N,Bill,Cantrell,1908-01-31,American
108,guelfi,0,\N,André,Guelfi,1919-06-05,French
109,brack,0,\N,Bill,Brack,1935-12-26,Canadian
110,montermini,0,\N,Andrea,Montermini,1964-05-30,Italian
111,gubby,0,\N,Brian,Gubby,1934-04-17,British
112,arundell,0,\N,Peter,Arundell,1933-08-11,British
113,mazepin,9,MAZ,Nikita,Mazepin,1999-02-03,Russian
114,villota,0,\N,Emilio,de Villota,1946-07-26,Spanish
115,schell,0,\N,Harry,Schell,1921-06-29,American
116,diniz,0,\N,Pedro,Diniz,1970-05-22,Brazilian
117,monarch,0,\N,Thomas,Monarch,1945-03-09,American
118,grassi,0,DIG,Lucas,di Grassi,1984-08-11,Brazilian
119,nakano,0,\N,Shinji,Nakano,1971-01-04,Japanese
120,goethals,0,\N,Christian,Goethals,1928-04-08,Belgian
121,kovalainen,0,KOV,Heikki,Kovalainen,1981-10-19,Finnish
122,montagny,0,FMO,Franck,Montagny,1978-05-01,French
123,maglioli,0,\N,Umberto,Maglioli,1928-05-06,Italian
124,hoyt,0,\N,Jerry,Hoyt,1929-01-29,American
125,dusio,0,\N,Piero,Dusio,1899-10-13,Italian
126,magee,0,\N,Damien,Magee,1945-11-17,British
127,moreno,0,\N,Roberto,Moreno,1959-02-11,Brazilian
128,dumfries,0,\N,Johnny,Dumfries,1958-04-26,British
129,rhodes,0,\N,John,Rhodes,1927-08-18,British
130,haryanto,88,HAR,Rio,Haryanto,1993-01-22,Indonesian
131,klodwig,0,\N,Ernst,Klodwig,1903-05-23,East German
132,ratzenberger,0,\N,Roland,Ratzenberger,1960-04-07,Austrian
133,massa,19,MAS,Felipe,Massa,1981-04-25,Brazilian
134,ericsson,9,ERI,Marcus,Ericsson,1990-02-09,Swedish
135,resta,0,DIR,Paul,di Resta,1986-04-16,British
136,bill_moss,0,\N,Bill,Moss,1933-04-09,British
137,hoshino,0,\N,Kazuyoshi,Hoshino,1947-01-07,Japanese
138,cruz,0,\N,Adolfo,Cruz,1923-06-28,Argentine
139,hawkins,0,\N,Paul,Hawkins,1937-10-12,Australian
140,blanchard,0,\N,Harry,Blanchard,1929-06-13,American
141,lavaggi,0,\N,Giovanni,Lavaggi,1958-02-18,Italian
142,tingle,0,\N,Sam,Tingle,1921-08-24,Rhodesian
143,chaves,0,\N,Pedro,Chaves,1965-02-27,Portuguese
144,kavanagh,0,\N,Ken,Kavanagh,1923-12-12,Australian
145,grim,0,\N,Bobby,Grim,1924-04-09,American
146,bussinello,0,\N,Roberto,Bussinello,1927-04-10,Italian
147,estefano,0,\N,Nasif,Estéfano,1932-11-18,Argentine
148,dolhem,0,\N,José,Dolhem,1944-04-26,French
149,stuppacher,0,\N,Otto,Stuppacher,1947-03-03,Austrian
150,cesaris,0,\N,Andrea,de Cesaris,1959-05-31,Italian
151,lamy,0,\N,Pedro,Lamy,1972-03-20,Portuguese
152,pesenti_rossi,0,\N,Alessandro,Pesenti-Rossi,1942-08-31,Italian
153,agabashian,0,\N,Fred,Agabashian,1913-08-21,American
154,whiteaway,0,\N,Ted,Whiteaway,1928-01-11,British
155,nilsson,0,\N,Gunnar,Nilsson,1948-11-20,Swedish
156,duncan,0,\N,Len,Duncan,1911-07-25,American
157,perez,11,PER,Sergio,Pérez,1990-01-26,Mexican
158,bandini,0,\N,Lorenzo,Bandini,1935-12-21,Italian
159,charrington,0,\N,Robin,Montgomerie-Charrington,1915-06-23,British
160,badoer,0,BAD,Luca,Badoer,1971-01-25,Italian
161,burti,0,\N,Luciano,Burti,1975-05-03,Brazilian
162,doornbos,0,DOO,Robert,Doornbos,1981-09-23,Dutch
163,widdows,0,\N,Robin,Widdows,1942-05-27,British
164,barilla,0,\N,Paolo,Barilla,1961-04-20,Italian
165,fohr,0,\N,Myron,Fohr,1912-06-17,American
166,flaherty,0,\N,Pat,Flaherty,1926-06-01,American
167,webb,0,\N,Travis,Webb,1910-08-10,American
168,rosberg,6,ROS,Nico,Rosberg,1985-06-27,German
169,lederle,0,\N,Neville,Lederle,1938-09-25,South African
170,scarlatti,0,\N,Giorgio,Scarlatti,1921-02-10,Italian
171,larini,0,\N,Nicola,Larini,1964-03-19,Italian
172,armi,0,\N,Frank,Armi,1918-10-12,American
173,herbert,0,\N,Johnny,Herbert,1964-06-25,British
174,cogan,0,\N,Kevin,Cogan,1956-03-31,American
175,bob_scott,0,\N,Bob,Scott,1928-04-10,American
176,merhi,98,MER,Roberto,Merhi,1991-03-22,Spanish
177,obrien,0,\N,Robert,O'Brien,1908-04-11,American
178,kessel,0,\N,Loris,Kessel,1950-01-04,Swiss
179,chiron,0,\N,Louis,Chiron,1899-08-03,Monegasque
180,ruby,0,\N,Lloyd,Ruby,1928-01-12,American
181,levegh,0,\N,Pierre,Levegh,1905-12-22,French
182,mansell,0,\N,Nigel,Mansell,1953-08-08,British
183,fonder,0,\N,George,Fonder,1917-06-22,American
184,lennep,0,\N,Gijs,van Lennep,1942-03-16,Dutch
185,henton,0,\N,Brian,Henton,1946-09-19,British
186,enge,0,\N,Tomáš,Enge,1976-09-11,Czech
187,regazzoni,0,\N,Clay,Regazzoni,1939-05-09,Swiss
188,mario_andretti,0,\N,Mario,Andretti,1940-02-28,American
189,francia,0,\N,Giorgio,Francia,1947-08-11,Italian
190,ongais,0,\N,Danny,Ongais,1942-05-21,American
191,marques,0,\N,Tarso,Marques,1976-01-19,Brazilian
192,sweikert,0,\N,Bob,Sweikert,1926-05-20,American
193,bellof,0,\N,Stefan,Bellof,1957-11-20,German
194,stommelen,0,\N,Rolf,Stommelen,1943-07-11,German
195,dinsmore,0,\N,Duke,Dinsmore,1913-04-10,American
196,streiff,0,\N,Philippe,Streiff,1955-06-26,French
197,keizan,0,\N,Eddie,Keizan,1944-09-12,South African
198,ralf_schumacher,0,SCH,Ralf,Schumacher,1975-06-30,German
199,ken_miles,0,\N,Ken,Miles,1918-01-11,British
200,gibson,0,\N,Dick,Gibson,1918-04-16,British
201,karthikeyan,0,KAR,Narain,Karthikeyan,1977-01-14,Indian
202,dryver,0,\N,Bernard,de Dryver,1952-09-19,Belgian
810,vos,0,\N,Ernie,de Vos,1941-01-07,Dutch
203,bonomi,0,\N,Roberto,Bonomi,1919-09-30,Argentine
204,whitehouse,0,\N,Bill,Whitehouse,1909-01-04,British
205,corrado_fabi,0,\N,Corrado,Fabi,1961-04-12,Italian
206,naspetti,0,\N,Emanuele,Naspetti,1968-02-24,Italian
207,latifi,6,LAT,Nicholas,Latifi,1995-06-29,Canadian
208,rollinson,0,\N,Alan,Rollinson,1943-05-15,British
209,foitek,0,\N,Gregor,Foitek,1965-03-27,Swiss
210,mcguire,0,\N,Brian,McGuire,1945-12-13,Australian
211,ireland,0,\N,Innes,Ireland,1930-06-12,British
212,belso,0,\N,Tom,Belsø,1942-08-27,Danish
213,fisichella,0,FIS,Giancarlo,Fisichella,1973-01-14,Italian
214,mike_taylor,0,\N,Mike,Taylor,1934-04-24,British
215,lewis,0,\N,Jackie,Lewis,1936-01-11,British
216,collomb,0,\N,Bernard,Collomb,1930-07-10,French
217,donohue,0,\N,Mark,Donohue,1937-03-18,American
218,nalon,0,\N,Duke,Nalon,1913-02-03,American
219,ashley,0,\N,Ian,Ashley,1947-10-26,British
220,pescarolo,0,\N,Henri,Pescarolo,1942-09-25,French
221,mairesse,0,\N,Willy,Mairesse,1928-01-10,Belgian
222,greene,0,\N,Keith,Greene,1938-05-01,British
223,james,0,\N,Joe,James,1925-05-23,American
224,arnoux,0,\N,René,Arnoux,1948-04-07,French
225,lehto,0,\N,Jyrki,Järvilehto,1966-01-31,Finnish
226,neve,0,\N,Patrick,Nève,1949-10-13,Belgian
227,mackay-fraser,0,\N,Herbert,MacKay-Fraser,1927-06-23,American
228,lang,0,\N,Hermann,Lang,1909-06-04,German
229,scott_Brown,0,\N,Archie,Scott Brown,1927-05-13,British
230,solana,0,\N,Moisés,Solana,1935-12-26,Mexican
231,rindt,0,\N,Jochen,Rindt,1942-04-18,Austrian
232,guy_mairesse,0,\N,Guy,Mairesse,1910-08-10,French
233,bueb,0,\N,Ivor,Bueb,1923-06-06,British
234,cecotto,0,\N,Johnny,Cecotto,1956-01-25,Venezuelan
235,ricciardo,3,RIC,Daniel,Ricciardo,1989-01-07,Australian
236,moss,0,\N,Stirling,Moss,1929-09-17,British
237,geki,0,\N,Giacomo,Russo,1937-10-23,Italian
238,ickx,0,\N,Jacky,Ickx,1945-01-01,Belgian
239,pace,0,\N,Carlos,Pace,1944-06-10,Brazilian
240,clark,0,\N,Jim,Clark,1936-04-03,British
241,jolyon_palmer,30,PAL,Jolyon,Palmer,1991-01-20,British
242,surer,0,\N,Marc,Surer,1951-09-18,Swiss
243,salazar,0,\N,Eliseo,Salazar,1954-11-14,Chilean
244,boullion,0,\N,Jean-Christophe,Boullion,1969-12-27,French
245,Changy,0,\N,Alain,de Changy,1922-05-02,Belgian
246,sutil,99,SUT,Adrian,Sutil,1983-01-11,German
247,ahrens,0,\N,Kurt,Ahrens,1940-04-19,German
248,merzario,0,\N,Arturo,Merzario,1943-03-11,Italian
249,pieterse,0,\N,Ernie,Pieterse,1938-04-07,South African
250,brambilla,0,\N,Vittorio,Brambilla,1937-11-11,Italian
251,berger,0,\N,Gerhard,Berger,1959-08-27,Austrian
252,rodriguez,0,\N,Pedro,Rodríguez,1940-01-18,Mexican
253,oliver,0,\N,Jackie,Oliver,1942-08-14,British
254,turner,0,\N,Jack,Turner,1920-02-12,American
255,graham_whitehead,0,\N,Graham,Whitehead,1922-04-15,British
256,holland,0,\N,Bill,Holland,1907-12-18,American
257,fittipaldi,0,\N,Christian,Fittipaldi,1971-01-18,Brazilian
258,chitwood,0,\N,Joie,Chitwood,1912-04-14,American
259,pease,0,\N,Al,Pease,1921-10-15,Canadian
260,westbury,0,\N,Peter,Westbury,1938-05-26,British
261,ocon,31,OCO,Esteban,Ocon,1996-09-17,French
262,jabouille,0,\N,Jean-Pierre,Jabouille,1942-01-10,French
263,serrurier,0,\N,Doug,Serrurier,1920-09-12,South African
264,vic_wilson,0,\N,Vic,Wilson,1931-04-14,British
265,duke,0,\N,Geoff,Duke,1923-03-29,British
266,modena,0,\N,Stefano,Modena,1963-05-12,Italian
267,rolt,0,\N,Tony,Rolt,1918-10-16,British
268,vaccarella,0,\N,Nino,Vaccarella,1933-04-03,Italian
269,murray,0,\N,David,Murray,1909-12-28,British
270,manfred_winkelhock,0,\N,Manfred,Winkelhock,1951-06-10,German
271,bristow,0,\N,Chris,Bristow,1937-02-12,British
272,pirro,0,\N,Emanuele,Pirro,1962-01-12,Italian
273,pollet,0,\N,Jacques,Pollet,1922-02-07,French
274,alboreto,0,\N,Michele,Alboreto,1956-12-23,Italian
275,schenken,0,\N,Tim,Schenken,1943-09-26,Australian
276,bertaggia,0,\N,Enrico,Bertaggia,1964-09-19,Italian
277,niemann,0,\N,Brausch,Niemann,1939-07-01,South African
278,lewis-evans,0,\N,Stuart,Lewis-Evans,1930-04-20,British
279,hellings,0,\N,Mack,Hellings,1915-09-14,American
280,maggs,0,\N,Tony,Maggs,1937-09-02,South African
281,charlton,0,\N,Dave,Charlton,1936-10-27,South African
282,zonta,0,ZON,Ricardo,Zonta,1976-03-23,Brazilian
283,gilles_villeneuve,0,\N,Gilles,Villeneuve,1950-01-18,Canadian
284,rahal,0,\N,Bobby,Rahal,1953-01-10,American
285,mick_schumacher,47,MSC,Mick,Schumacher,1999-03-22,German
286,hawthorn,0,\N,Mike,Hawthorn,1929-04-10,British
287,ader,0,\N,Walt,Ader,1913-12-15,American
288,tarquini,0,\N,Gabriele,Tarquini,1962-02-03,Italian
289,pian,0,\N,Alfredo,Pián,1912-10-21,Argentine
290,filippis,0,\N,Maria,de Filippis,1926-11-11,Italian
291,cade,0,\N,Phil,Cade,1916-06-12,American
292,goldsmith,0,\N,Paul,Goldsmith,1925-02-10,American
293,broeker,0,\N,Peter,Broeker,1926-05-15,Canadian
294,kvyat,26,KVY,Daniil,Kvyat,1994-04-26,Russian
295,mcgrath,0,\N,Jack,McGrath,1919-08-10,American
296,riess,0,\N,Fritz,Riess,1922-07-11,German
297,gugelmin,0,\N,Maurício,Gugelmin,1963-04-20,Brazilian
298,eaton,0,\N,George,Eaton,1945-11-12,Canadian
299,kessler,0,\N,Bruce,Kessler,1936-03-23,American
300,bourdais,0,BOU,Sébastien,Bourdais,1979-02-28,French
301,guerra,0,\N,Miguel Ángel,Guerra,1953-08-31,Argentine
302,depailler,0,\N,Patrick,Depailler,1944-09-08,French
303,brooks,0,\N,Tony,Brooks,1932-02-25,British
304,dempsey_wilson,0,\N,Dempsey,Wilson,1927-03-11,American
305,irvine,0,\N,Eddie,Irvine,1965-11-10,British
306,allison,0,\N,Cliff,Allison,1932-08-02,British
307,klien,0,KLI,Christian,Klien,1983-07-02,Austrian
308,tolan,0,\N,Johnnie,Tolan,1917-10-22,American
309,peter_walker,0,\N,Peter,Walker,1912-07-10,British
310,williamson,0,\N,Roger,Williamson,1948-02-02,British
311,migault,0,\N,François,Migault,1944-04-12,French
312,trintignant,0,\N,Maurice,Trintignant,1917-10-30,French
313,stohr,0,\N,Siegfried,Stohr,1952-10-10,Italian
314,piquet,0,\N,Nelson,Piquet,1952-08-17,Brazilian
315,chimeri,0,\N,Ettore,Chimeri,1921-04-06,Venezuelan
316,montoya,0,MON,Juan,Pablo Montoya,1975-09-20,Colombian
317,larrauri,0,\N,Oscar,Larrauri,1954-08-19,Argentine
318,john_barber,0,\N,John,Barber,1929-07-22,British
319,kobayashi,10,KOB,Kamui,Kobayashi,1986-09-13,Japanese
320,gardner,0,\N,Frank,Gardner,1930-01-10,Australian
321,posey,0,\N,Sam,Posey,1944-05-26,American
322,kozarowitzky,0,\N,Mikko,Kozarowitzky,1948-05-17,Finnish
323,parkes,0,\N,Mike,Parkes,1931-09-24,British
324,hahne,0,\N,Hubert,Hahne,1935-03-28,German
325,peterson,0,\N,Ronnie,Peterson,1944-02-14,Swedish
326,perdisa,0,\N,Cesare,Perdisa,1932-10-21,Italian
327,dalmas,0,\N,Yannick,Dalmas,1961-07-28,French
328,adams,0,\N,Philippe,Adams,1969-11-19,Belgian
329,griffith,0,\N,Cliff,Griffith,1916-06-02,American
330,abate,0,\N,Carlo,Abate,1932-07-10,Italian
331,tuero,0,\N,Esteban,Tuero,1978-04-22,Argentine
332,bottas,77,BOT,Valtteri,Bottas,1989-08-28,Finnish
333,claes,0,\N,Johnny,Claes,1916-08-11,Belgian
334,vonlanthen,0,\N,Jo,Vonlanthen,1942-05-31,Swiss
335,barbazza,0,\N,Fabrizio,Barbazza,1963-02-04,Italian
336,jean,0,\N,Max,Jean,1943-07-27,French
337,alan_brown,0,\N,Alan,Brown,1919-11-20,British
338,jones,0,\N,Alan,Jones,1946-02-11,Australian
339,brown,0,\N,Warwick,Brown,1949-12-24,Australian
340,scheckter,0,\N,Jody,Scheckter,1950-01-29,South African
341,wehrlein,94,WEH,Pascal,Wehrlein,1994-10-18,German
342,mazzacane,0,\N,Gastón,Mazzacane,1975-08-05,Argentine
343,kiesa,0,\N,Nicolas,Kiesa,1978-03-03,Danish
344,kinnunen,0,\N,Leo,Kinnunen,1943-05-08,Finnish
345,clapham,0,\N,David,Clapham,1931-05-18,South African
346,stroll,18,STR,Lance,Stroll,1998-10-29,Canadian
347,gavin,0,\N,Johnny,Servoz-Gavin,1942-01-18,French
348,reutemann,0,\N,Carlos,Reutemann,1942-04-12,Argentine
349,lunger,0,\N,Brett,Lunger,1945-11-14,American
350,gamble,0,\N,Fred,Gamble,1932-03-17,American
351,bayol,0,\N,Élie,Bayol,1914-02-28,French
352,teague,0,\N,Marshall,Teague,1921-02-22,American
353,wendlinger,0,\N,Karl,Wendlinger,1968-12-20,Austrian
354,senna,0,\N,Ayrton,Senna,1960-03-21,Brazilian
355,pietro_fittipaldi,51,FIT,Pietro,Fittipaldi,1996-06-25,Brazilian
356,macklin,0,\N,Lance,Macklin,1919-02-09,British
357,chamberlain,0,\N,Jay,Chamberlain,1925-12-29,American
358,bonetto,0,\N,Felice,Bonetto,1903-09-06,Italian
359,jover,0,\N,Juan,Jover,1903-11-23,Spanish
360,chiesa,0,\N,Andrea,Chiesa,1964-06-05,Swiss
361,rosier,0,\N,Louis,Rosier,1905-05-11,French
362,caffi,0,\N,Alex,Caffi,1964-03-18,Italian
363,sutton,0,\N,Len,Sutton,1925-09-08,American
364,hailwood,0,\N,Mike,Hailwood,1940-02-04,British
365,volonterio,0,\N,Ottorino,Volonterio,1917-07-12,Swiss
366,lof,0,\N,Dries,van der Lof,1919-08-23,Dutch
367,johansson,0,\N,Stefan,Johansson,1956-08-09,Swedish
368,bernard,0,\N,Éric,Bernard,1964-08-24,French
369,wisell,0,\N,Reine,Wisell,1941-09-30,Swedish
370,seiffert,0,\N,Günther,Seiffert,1937-10-18,German
371,gould,0,\N,Horace,Gould,1918-09-20,British
372,george,0,\N,Elmer,George,1928-07-15,American
373,yoong,0,\N,Alex,Yoong,1976-07-20,Malaysian
374,angelis,0,\N,Elio,de Angelis,1958-03-26,Italian
375,bernoldi,0,\N,Enrique,Bernoldi,1978-10-19,Brazilian
376,stevenson,0,\N,Chuck,Stevenson,1919-10-15,American
377,pirocchi,0,\N,Renato,Pirocchi,1933-03-26,Italian
378,simon,0,\N,André,Simon,1920-05-01,French
379,barth,0,\N,Edgar,Barth,1917-01-26,German
380,damon_hill,0,\N,Damon,Hill,1960-09-17,British
381,zunino,0,\N,Ricardo,Zunino,1949-04-13,Argentine
382,yamamoto,0,YAM,Sakon,Yamamoto,1982-09-07,Japanese
383,bondurant,0,\N,Bob,Bondurant,1933-04-27,American
384,coulthard,0,COU,David,Coulthard,1971-03-27,British
385,levrett,0,\N,Bayliss,Levrett,1914-02-14,American
386,laurent,0,\N,Roger,Laurent,1913-02-21,Belgian
387,lombardi,0,\N,Lella,Lombardi,1941-03-26,Italian
388,ian_scheckter,0,\N,Ian,Scheckter,1947-08-22,South African
389,galvez,0,\N,Oscar,Gálvez,1913-08-17,Argentine
390,max_verstappen,33,VER,Max,Verstappen,1997-09-30,Dutch
391,collins,0,\N,Peter,Collins,1931-06-11,British
392,johnson,0,\N,Eddie,Johnson,1919-02-10,American
393,sala,0,\N,Luis,Pérez-Sala,1959-05-15,Spanish
394,pantano,0,\N,Giorgio,Pantano,1979-04-02,Italian
395,niday,0,\N,Cal,Niday,1914-04-29,American
396,hulme,0,\N,Denny,Hulme,1936-06-18,New Zealander
397,leoni,0,\N,Lamberto,Leoni,1953-05-24,Italian
398,puzey,0,\N,Clive,Puzey,1941-07-11,Rhodesian
399,riseley_prichard,0,\N,John,Riseley-Prichard,1924-01-17,British
400,godia,0,\N,Paco,Godia,1921-03-21,Spanish
401,edwards,0,\N,Guy,Edwards,1942-12-30,British
402,jules_bianchi,17,BIA,Jules,Bianchi,1989-03-08,French
403,beuttler,0,\N,Mike,Beuttler,1940-04-13,British
404,rees,0,\N,Alan,Rees,1938-01-12,British
405,hayje,0,\N,Boy,Lunger,1949-03-05,Dutch
406,gartner,0,\N,Jo,Gartner,1954-01-24,Austrian
407,hesnault,0,\N,François,Hesnault,1956-12-30,French
408,gendebien,0,\N,Olivier,Gendebien,1924-01-12,Belgian
409,wacker,0,\N,Fred,Wacker,1918-07-10,American
410,brudes,0,\N,Adolf,Brudes,1899-10-15,German
411,chilton,4,CHI,Max,Chilton,1991-04-21,British
412,downing,0,\N,Ken,Downing,1917-05-12,British
413,bruno_senna,0,SEN,Bruno,Senna,1983-10-15,Brazilian
414,shelby,0,\N,Carroll,Shelby,1923-01-11,American
415,redman,0,\N,Brian,Redman,1937-09-03,British
416,pryce,0,\N,Tom,Pryce,1949-06-11,British
417,prophet,0,\N,David,Prophet,1937-09-10,British
418,boesel,0,\N,Raul,Boesel,1957-04-12,Brazilian
419,jackson,0,\N,Jimmy,Jackson,1910-07-25,American
420,kling,0,\N,Karl,Kling,1910-09-16,German
421,trimmer,0,\N,Tony,Trimmer,1943-01-24,British
422,pironi,0,\N,Didier,Pironi,1952-03-26,French
423,gene,0,\N,Marc,Gené,1974-03-29,Spanish
424,helfrich,0,\N,Theo,Helfrich,1913-05-13,German
425,ramos,0,\N,Hernando,da Silva Ramos,1925-07-12,Brazilian
426,legat,0,\N,Arthur,Legat,1898-11-01,Belgian
427,wilson_fittipaldi,0,\N,Wilson,Fittipaldi,1943-12-25,Brazilian
428,fry,0,\N,Joe,Fry,1915-10-26,British
429,borgudd,0,\N,Slim,Borgudd,1946-11-25,Swedish
430,kuhnke,0,\N,Kurt,Kuhnke,1910-04-30,German
431,bianco,0,\N,Gino,Bianco,1916-07-22,Brazilian
432,prinoth,0,\N,Ernesto,Prinoth,1923-04-15,Italian
433,ertl,0,\N,Harald,Ertl,1948-08-31,Austrian
434,krause,0,\N,Rudolf,Krause,1907-03-30,East German
435,iglesias,0,\N,Jesús,Iglesias,1922-02-22,Argentine
436,perkins,0,\N,Larry,Perkins,1950-03-18,Australian
437,bassi,0,\N,Giorgio,Bassi,1934-01-20,Italian
438,maldonado,13,MAL,Pastor,Maldonado,1985-09-03,Venezuelan
439,reed,0,\N,Ray,Reed,1932-04-30,South African
440,miller,0,\N,Chet,Miller,1902-07-19,American
441,starrabba,0,\N,Gaetano,Starrabba,1932-03-12,Italian
442,matta,0,\N,Cristiano,da Matta,1973-09-19,Brazilian
443,byrne,0,\N,Tommy,Byrne,1958-06-05,Irish
444,henry_taylor,0,\N,Henry,Taylor,1932-12-16,British
445,walker,0,\N,David,Walker,1941-06-10,Australian
446,ligier,0,\N,Guy,Ligier,1930-07-12,French
447,gary_brabham,0,\N,Gary,Brabham,1961-03-29,Australian
448,mitter,0,\N,Gerhard,Mitter,1935-08-30,German
449,portago,0,\N,Alfonso,de Portago,1928-10-11,Spanish
450,mccoy,0,\N,Ernie,McCoy,1921-02-19,American
451,nicholson,0,\N,John,Nicholson,1941-06-10,New Zealander
452,richardson,0,\N,Ken,Richardson,1911-08-21,British
453,ricardo_rodriguez,0,\N,Ricardo,Rodríguez,1942-02-14,Mexican
454,said,0,\N,Bob,Said,1932-05-05,American
455,mcnish,0,\N,Allan,McNish,1969-12-29,British
456,rose,0,\N,Mauri,Rose,1906-05-26,American
457,scherrer,0,\N,Albert,Scherrer,1908-02-28,Swiss
458,kelly,0,\N,Joe,Kelly,1913-03-13,Irish
459,hurtubise,0,\N,Jim,Hurtubise,1932-05-12,American
460,comotti,0,\N,Franco,Comotti,1906-07-24,Italian
461,grosjean,8,GRO,Romain,Grosjean,1986-04-17,French
462,england,0,\N,Paul,England,1929-03-28,Australian
463,bechem,0,\N,Günther,Bechem,1921-12-21,German
464,anderson,0,\N,Bob,Anderson,1931-05-19,British
465,thiele,0,\N,Alfonso,Thiele,1920-05-04,American-Italian
466,driver,0,\N,Paddy,Driver,1934-05-13,South African
467,parsons,0,\N,Johnnie,Parsons,1918-04-07,American
468,schiattarella,0,\N,Domenico,Schiattarella,1967-11-17,Italian
469,pietsch,0,\N,Paul,Pietsch,1911-06-20,German
470,terra,0,\N,Max,de Terra,1918-06-10,Swiss
471,peters,0,\N,Josef,Peters,1914-09-16,German
472,giovinazzi,99,GIO,Antonio,Giovinazzi,1993-12-14,Italian
473,hampshire,0,\N,David,Hampshire,1917-12-29,British
474,parker,0,\N,Philip,Fotheringham-Parker,1907-09-22,British
475,jerry_unser,0,\N,Jerry,Unser,1932-11-15,American
476,thomson,0,\N,Johnny,Thomson,1922-09-04,American
477,larrousse,0,\N,Gérard,Larrousse,1940-05-23,French
478,frere,0,\N,Paul,Frère,1917-01-30,Belgian
479,herman,0,\N,Al,Herman,1927-03-15,American
480,crawford,0,\N,Jim,Crawford,1948-02-13,British
481,phil_hill,0,\N,Phil,Hill,1927-04-20,American
482,wurz,0,WUR,Alexander,Wurz,1974-02-15,Austrian
483,bianchi,0,BIA,Lucien,Bianchi,1934-11-10,Belgian
484,riu,0,\N,Giovanni,de Riu,1925-03-10,Italian
485,taruffi,0,\N,Piero,Taruffi,1906-10-12,Italian
486,wharton,0,\N,Ken,Wharton,1916-03-21,British
487,stewart,0,\N,Jackie,Stewart,1939-06-11,British
488,quester,0,\N,Dieter,Quester,1939-05-30,Austrian
489,leclere,0,\N,Michel,Leclère,1946-03-18,French
490,may,0,\N,Michael,May,1934-08-18,Swiss
491,lovely,0,\N,Pete,Lovely,1926-04-11,American
492,bauer,0,\N,Erwin,Bauer,1912-07-17,German
493,kubica,88,KUB,Robert,Kubica,1984-07-12,Polish
494,balsa,0,\N,Marcel,Balsa,1909-01-01,French
495,thompson,0,\N,Eric,Thompson,1919-04-11,British
496,gregory,0,\N,Masten,Gregory,1932-02-29,American
497,surtees,0,\N,John,Surtees,1934-02-11,British
498,chapman,0,\N,Colin,Chapman,1928-05-19,British
499,jo_schlesser,0,\N,Jo,Schlesser,1928-05-18,French
500,mclaren,0,\N,Bruce,McLaren,1937-08-30,New Zealander
501,tambay,0,\N,Patrick,Tambay,1949-06-25,French
502,tomaso,0,\N,Alessandro,de Tomaso,1928-07-10,Argentine-Italian
503,hakkinen,0,\N,Mika,Häkkinen,1968-09-28,Finnish
504,amati,0,\N,Giovanna,Amati,1959-07-20,Italian
505,fairman,0,\N,Jack,Fairman,1913-03-15,British
506,gethin,0,\N,Peter,Gethin,1940-02-21,British
507,piotti,0,\N,Luigi,Piotti,1913-10-27,Italian
508,hattori,0,\N,Naoki,Hattori,1966-06-13,Japanese
509,fagioli,0,\N,Luigi,Fagioli,1898-06-09,Italian
510,andersson,0,\N,Conny,Andersson,1939-12-28,Swedish
511,evans,0,\N,Bob,Evans,1947-06-11,British
512,jarier,0,\N,Jean-Pierre,Jarier,1946-07-10,French
513,rol,0,\N,Franco,Rol,1908-05-06,Italian
514,ide,0,IDE,Yuji,Ide,1975-01-21,Japanese
515,john_james,0,\N,John,James,1914-05-10,British
516,veith,0,\N,Bob,Veith,1926-01-11,American
517,hartley,0,\N,Gene,Hartley,1926-01-28,American
518,penske,0,\N,Roger,Penske,1937-02-20,American
519,capelli,0,\N,Ivan,Capelli,1963-05-24,Italian
520,button,22,BUT,Jenson,Button,1980-01-19,British
521,koinigg,0,\N,Helmuth,Koinigg,1948-03-11,Austrian
522,firman,0,\N,Ralph,Firman,1975-05-20,Irish
523,templeman,0,\N,Shorty,Templeman,1919-08-12,American
524,beretta,0,\N,Olivier,Beretta,1969-11-23,Monegasque
525,cabantous,0,\N,Yves,Cabantous,1904-08-10,French
526,pilette,0,\N,Teddy,Pilette,1942-07-26,Belgian
527,keller,0,\N,Al,Keller,1920-04-11,American
528,nelleman,0,\N,Jac,Nelleman,1944-04-19,Danish
529,bonnier,0,\N,Jo,Bonnier,1930-01-31,Swedish
530,wilson,0,\N,Justin,Wilson,1978-07-31,British
531,emery,0,\N,Paul,Emery,1916-11-12,British
532,scarborough,0,\N,Carl,Scarborough,1914-03-07,American
533,banks,0,\N,Henry,Banks,1913-06-14,American
534,bridger,0,\N,Tom,Bridger,1934-06-24,British
535,wallard,0,\N,Lee,Wallard,1910-07-09,American
536,marimon,0,\N,Onofre,Marimón,1923-12-19,Argentine
537,garrett,0,\N,Billy,Garrett,1933-04-24,American
538,giacomelli,0,\N,Bruno,Giacomelli,1952-09-10,Italian
539,ayulo,0,\N,Manny,Ayulo,1921-10-20,American
540,purley,0,\N,David,Purley,1945-01-26,British
541,davies,0,\N,Jimmy,Davies,1929-08-08,American
542,forini,0,\N,Franco,Forini,1958-09-22,Swiss
543,brundle,0,\N,Martin,Brundle,1959-01-06,British
544,mcalpine,0,\N,Kenneth,McAlpine,1920-09-21,British
545,fitzau,0,\N,Theo,Fitzau,1923-02-10,East German
546,thorne,0,\N,Leslie,Thorne,1916-06-23,British
547,hasemi,0,\N,Masahiro,Hasemi,1945-11-13,Japanese
548,hirt,0,\N,Peter,Hirt,1910-03-30,Swiss
549,needell,0,\N,Tiff,Needell,1951-10-29,British
550,hansgen,0,\N,Walt,Hansgen,1919-10-28,American
551,edmunds,0,\N,Don,Edmunds,1930-09-23,American
552,albers,0,ALB,Christijan,Albers,1979-04-16,Dutch
553,parnell,0,\N,Tim,Parnell,1932-06-25,British
554,hamilton,44,HAM,Lewis,Hamilton,1985-07-01,British
555,russo,0,\N,Eddie,Russo,1925-11-19,American
556,creus,0,\N,Antonio,Creus,1924-10-28,Spanish
557,rooyen,0,\N,Basil,van Rooyen,1939-04-19,South African
558,dochnal,0,\N,Frank,Dochnal,1920-08-10,American
559,bruni,0,\N,Gianmaria,Bruni,1981-05-30,Italian
560,picard,0,\N,François,Picard,1921-04-26,French
561,sirotkin,35,SIR,Sergey,Sirotkin,1995-08-27,Russian
562,halford,0,\N,Bruce,Halford,1931-05-18,British
563,ghinzani,0,\N,Piercarlo,Ghinzani,1952-01-16,Italian
564,alguersuari,0,ALG,Jaime,Alguersuari,1990-03-23,Spanish
565,castellotti,0,\N,Eugenio,Castellotti,1930-10-10,Italian
566,hanks,0,\N,Sam,Hanks,1914-07-13,American
567,seidel,0,\N,Wolfgang,Seidel,1926-04-07,German
568,hans_stuck,0,\N,Hans,von Stuck,1900-12-27,German
569,zanardi,0,\N,Alessandro,Zanardi,1966-10-23,Italian
570,reg_parnell,0,\N,Reg,Parnell,1911-02-07,British
571,hall,0,\N,Jim,Hall,1935-07-23,American
572,campbell-jones,0,\N,John,Campbell-Jones,1930-01-21,British
573,taramazzo,0,\N,Luigi,Taramazzo,1932-05-05,Italian
574,beaufort,0,\N,Carel Godin,de Beaufort,1934-04-10,Dutch
575,poele,0,\N,Eric,van de Poele,1961-09-30,Belgian
576,weiler,0,\N,Wayne,Weiler,1934-09-12,American
577,tom_jones,0,\N,Tom,Jones,1943-04-26,American
578,paul_russo,0,\N,Paul,Russo,1914-04-10,American
579,sachs,0,\N,Eddie,Sachs,1927-05-28,American
580,monteiro,0,TMO,Tiago,Monteiro,1976-07-24,Portuguese
581,frentzen,0,\N,Heinz-Harald,Frentzen,1967-05-18,German
582,fabre,0,\N,Pascal,Fabre,1960-09-01,French
583,sato,0,SAT,Takuma,Sato,1977-01-28,Japanese
584,gounon,0,\N,Jean-Marc,Gounon,1963-01-01,French
585,bettenhausen,0,\N,Tony,Bettenhausen,1916-09-12,American
586,martini,0,\N,Pierluigi,Martini,1961-04-23,Italian
587,stevens,28,STE,Will,Stevens,1991-06-28,British
588,graffenried,0,\N,Toulo,de Graffenried,1914-05-18,Swiss
589,magill,0,\N,Mike,Magill,1920-08-02,American
590,verstappen,0,\N,Jos,Verstappen,1972-04-03,Dutch
591,zapico,0,\N,Emilio,Zapico,1944-05-27,Spanish
592,shawe_taylor,0,\N,Brian,Shawe Taylor,1915-01-28,British
593,scotti,0,\N,Piero,Scotti,1909-11-11,Italian
594,poore,0,\N,Dennis,Poore,1916-08-19,British
595,alliot,0,\N,Philippe,Alliot,1954-07-27,French
596,mackey,0,\N,Bill,Mackey,1927-12-15,American
597,galli,0,\N,Nanni,Galli,1940-02-10,Italian
598,cabral,0,\N,Mário de Araújo,Cabral,1934-01-15,Portuguese
599,klerk,0,\N,Peter,de Klerk,1935-03-16,South African
600,takahara,0,\N,Noritake,Takahara,1951-06-06,Japanese
601,webber,0,WEB,Mark,Webber,1976-08-27,Australian
602,binder,0,\N,Hans,Binder,1948-06-12,Austrian
603,takahashi,0,\N,Kunimitsu,Takahashi,1940-01-29,Japanese
604,courage,0,\N,Piers,Courage,1942-05-27,British
605,hunt,0,\N,James,Hunt,1947-08-29,British
606,vettel,5,VET,Sebastian,Vettel,1987-03-07,German
607,linden,0,\N,Andy,Linden,1922-05-04,American
608,abecassis,0,\N,George,Abecassis,1913-03-21,British
609,harrison,0,\N,Cuth,Harrison,1906-06-07,British
610,ashdown,0,\N,Peter,Ashdown,1934-10-16,British
611,homeier,0,\N,Bill,Homeier,1918-08-31,American
612,zhou,24,ZHO,Guanyu,Zhou,1999-05-30,Chinese
613,flinterman,0,\N,Jan,Flinterman,1919-02-10,Dutch
614,vandoorne,2,VAN,Stoffel,Vandoorne,1992-03-26,Belgian
615,musso,0,\N,Luigi,Musso,1924-07-28,Italian
616,irwin,0,\N,Chris,Irwin,1942-06-27,British
617,Cannoc,0,\N,John,Cannon,1933-06-21,Canadian
618,petrov,0,PET,Vitaly,Petrov,1984-08-09,Russian
619,sommer,0,\N,Raymond,Sommer,1906-08-31,French
620,adolff,0,\N,Kurt,Adolff,1921-05-11,German
621,belmondo,0,\N,Paul,Belmondo,1963-04-23,French
622,palm,0,\N,Torsten,Palm,1947-07-23,Swedish
623,ribeiro,0,\N,Alex,Ribeiro,1948-07-11,Brazilian
624,mcwithey,0,\N,Jim,McWithey,1927-04-07,American
625,daponte,0,\N,Jorge,Daponte,1923-05-06,Argentine
626,nakajima,0,NAK,Kazuki,Nakajima,1985-01-11,Japanese
627,amick,0,\N,Red,Amick,1929-01-19,American
628,rathmann,0,\N,Jim,Rathmann,1928-07-16,American
629,hoffmann,0,\N,Ingo,Hoffmann,1953-02-28,Brazilian
630,schlesser,0,\N,Jean-Louis,Schlesser,1948-09-12,French
631,baldi,0,\N,Mauro,Baldi,1954-01-31,Italian
632,farina,0,\N,Nino,Farina,1906-10-30,Italian
633,nuckey,0,\N,Rodney,Nuckey,1929-06-26,British
634,boffa,0,\N,Menato,Boffa,1930-04-01,Italian
635,landi,0,\N,Chico,Landi,1907-07-14,Brazilian
636,vyver,0,\N,Syd,van der Vyver,1920-01-06,South African
637,emerson_fittipaldi,0,\N,Emerson,Fittipaldi,1946-12-12,Brazilian
638,gaze,0,\N,Tony,Gaze,1920-03-02,Australian
639,salo,0,\N,Mika,Salo,1966-11-30,Finnish
640,wilds,0,\N,Mike,Wilds,1946-07-01,British
641,klenk,0,\N,Hans,Klenk,1919-10-28,German
642,christie,0,\N,Bob,Christie,1924-04-04,American
643,aston,0,\N,Bill,Aston,1900-03-29,British
644,miles,0,\N,John,Miles,1943-06-14,British
645,elisian,0,\N,Ed,Elisian,1926-09-12,American
646,pic,0,PIC,Charles,Pic,1990-02-15,French
647,jack_brabham,0,\N,Jack,Brabham,1926-02-04,Australian
648,dennis_taylor,0,\N,Dennis,Taylor,1921-06-12,British
649,hocking,0,\N,Gary,Hocking,1937-09-30,Rhodesian
650,bailey,0,\N,Julian,Bailey,1961-09-10,British
651,larson,0,\N,Jud,Larson,1923-01-21,American
652,wunderink,0,\N,Roelof,Wunderink,1948-12-12,Dutch
653,ian_stewart,0,\N,Ian,Stewart,1929-07-15,British
654,norris,4,NOR,Lando,Norris,1999-11-13,British
655,walter,0,\N,Heini,Walter,1927-07-28,Swiss
656,follmer,0,\N,George,Follmer,1934-01-27,American
657,zorzi,0,\N,Renzo,Zorzi,1946-12-12,Italian
658,ball,0,\N,Bobby,Ball,1925-08-26,American
659,noda,0,\N,Hideki,Noda,1969-07-03,Japanese
660,taylor,0,\N,John,Taylor,1933-03-23,British
661,ashmore,0,\N,Gerry,Ashmore,1936-07-25,British
662,liuzzi,0,LIU,Vitantonio,Liuzzi,1980-06-08,Italian
663,williams,0,\N,Jonathan,Williams,1942-10-26,British
664,sharp,0,\N,Hap,Sharp,1928-01-01,American
665,george_amick,0,\N,George,Amick,1924-10-24,American
666,fischer,0,\N,Rudi,Fischer,1912-04-19,Swiss
667,trevor_taylor,0,\N,Trevor,Taylor,1936-12-26,British
668,crossley,0,\N,Geoff,Crossley,1921-05-11,British
669,ambrosio,0,DAM,Jérôme,d'Ambrosio,1985-12-27,Belgian
670,bira,0,\N,Prince,Bira,1914-07-15,Thai
671,andre_pilette,0,\N,André,Pilette,1918-06-10,Belgian
672,pagani,0,\N,Nello,Pagani,1911-10-11,Italian
673,piquet_jr,0,PIQ,Nelson,Piquet Jr.,1985-07-25,Brazilian
674,love,0,\N,John,Love,1924-07-12,Rhodesian
675,natili,0,\N,Massimo,Natili,1935-07-28,Italian
676,weidler,0,\N,Volker,Weidler,1962-03-18,German
677,mcrae,0,\N,Graham,McRae,1940-05-03,New Zealander
678,shelly,0,\N,Tony,Shelly,1937-02-02,New Zealander
679,keke_rosberg,0,\N,Keke,Rosberg,1948-06-12,Finnish
680,campos,0,\N,Adrián,Campos,1960-06-17,Spanish
681,colombo,0,\N,Alberto,Colombo,1946-02-23,Italian
682,weyant,0,\N,Chuck,Weyant,1923-03-04,American
683,gachot,0,\N,Bertrand,Gachot,1962-12-23,Belgian
684,bartels,0,\N,Michael,Bartels,1968-08-03,German
685,attwood,0,\N,Richard,Attwood,1940-04-04,British
686,barrichello,0,BAR,Rubens,Barrichello,1972-05-23,Brazilian
687,hutchison,0,\N,Gus,Hutchison,1937-04-26,American
688,faulkner,0,\N,Walt,Faulkner,1920-02-16,American
689,cordts,0,\N,John,Cordts,1935-07-23,Canadian
690,gerard,0,\N,Bob,Gerard,1914-01-19,British
691,brancatelli,0,\N,Gianfranco,Brancatelli,1950-01-18,Italian
692,uria,0,\N,Alberto,Uria,1924-07-11,Uruguayan
693,ernesto_brambilla,0,\N,Ernesto,Brambilla,1934-01-31,Italian
694,green,0,\N,Cecil,Green,1919-09-30,American
695,sparken,0,\N,Mike,Sparken,1930-06-16,French
696,comas,0,\N,Érik,Comas,1963-09-28,French
697,ward,0,\N,Rodger,Ward,1921-01-10,American
698,louveau,0,\N,Henri,Louveau,1910-01-25,French
699,morgan,0,\N,Dave,Morgan,1944-07-08,British
700,bueno,0,\N,Luiz,Bueno,1937-01-16,Brazilian
701,berg,0,\N,Allen,Berg,1961-01-08,Canadian
702,behra,0,\N,Jean,Behra,1921-02-16,French
703,villoresi,0,\N,Luigi,Villoresi,1909-05-16,Italian
704,lucienbonnet,0,\N,Jean,Lucienbonnet,1923-07-01,French
705,macdowel,0,\N,Mike,MacDowel,1932-09-13,British
706,sarrazin,0,\N,Stéphane,Sarrazin,1975-02-11,French
707,martin,0,\N,Eugène,Martin,1915-03-24,French
708,ulmen,0,\N,Toni,Ulmen,1906-01-25,German
709,schroeder,0,\N,Rob,Schroeder,1926-05-11,British
710,cevert,0,\N,François,Cevert,1944-02-25,French
711,nannini,0,\N,Alessandro,Nannini,1959-07-07,Italian
712,marr,0,\N,Leslie,Marr,1922-08-14,British
713,patrese,0,\N,Riccardo,Patrese,1954-04-17,Italian
714,heeks,0,\N,Willi,Heeks,1922-02-13,German
715,paletti,0,\N,Riccardo,Paletti,1958-06-15,Italian
716,cross,0,\N,Art,Cross,1918-01-24,American
717,guerrero,0,\N,Roberto,Guerrero,1958-11-16,Colombian
718,stuck,0,\N,Hans-Joachim,Stuck,1951-01-01,German
719,rosset,0,\N,Ricardo,Rosset,1968-07-27,Brazilian
720,brabham,0,\N,David,Brabham,1965-05-09,Australian
721,niedermayr,0,\N,Helmut,Niedermayr,1915-11-29,German
722,schuppan,0,\N,Vern,Schuppan,1943-03-19,Australian
723,aitken,89,AIT,Jack,Aitken,1995-09-23,British
724,johnstone,0,\N,Bruce,Johnstone,1937-01-30,South African
725,davis,0,\N,Colin,Davis,1933-07-29,British
726,spence,0,\N,Mike,Spence,1936-12-30,British
727,bleekemolen,0,\N,Michael,Bleekemolen,1949-02-10,Dutch
728,panis,0,\N,Olivier,Panis,1966-02-09,French
729,lees,0,\N,Geoff,Lees,1951-01-05,British
730,bell,0,\N,Derek,Bell,1941-10-31,British
731,baumgartner,0,\N,Zsolt,Baumgartner,1981-01-01,Hungarian
732,boutsen,0,\N,Thierry,Boutsen,1957-07-13,Belgian
733,wietzes,0,\N,Eppie,Wietzes,1938-05-28,Canadian
734,scarfiotti,0,\N,Ludovico,Scarfiotti,1933-10-18,Italian
735,michael_schumacher,0,MSC,Michael,Schumacher,1969-03-01,German
736,schneider,0,\N,Bernd,Schneider,1964-07-20,German
737,gabbiani,0,\N,Beppe,Gabbiani,1957-02-01,Italian
738,leclerc,16,LEC,Charles,Leclerc,1997-10-16,Monegasque
739,oscar_gonzalez,0,\N,Óscar,González,1923-11-10,Uruguayan
740,siffert,0,\N,Jo,Siffert,1936-07-07,Swiss
741,alonso,14,ALO,Fernando,Alonso,1981-07-29,Spanish
742,trips,0,\N,Wolfgang,von Trips,1928-04-05,German
743,garde,0,VDG,Giedo,van der Garde,1985-04-25,Dutch
744,leslie_johnson,0,\N,Leslie,Johnson,1912-03-22,British
745,fontana,0,\N,Norberto,Fontana,1975-01-20,Argentine
746,chandhok,0,CHA,Karun,Chandhok,1984-01-19,Indian
747,donnelly,0,\N,Martin,Donnelly,1964-03-26,British
748,ecclestone,0,\N,Bernie,Ecclestone,1930-10-28,British
749,hill,0,\N,Graham,Hill,1929-02-15,British
750,herrmann,0,\N,Hans,Herrmann,1928-02-23,German
751,marsh,0,\N,Tony,Marsh,1931-07-20,British
752,bucci,0,\N,Clemar,Bucci,1920-04-09,Argentine
753,lawrence,0,\N,Chris,Lawrence,1933-07-27,British
754,ginther,0,\N,Richie,Ginther,1930-05-08,American
755,andrews,0,\N,Keith,Andrews,1920-06-15,American
756,carini,0,\N,Piero,Carini,1921-06-03,Italian
757,mantovani,0,\N,Sergio,Mantovani,1929-05-22,Italian
758,owen,0,\N,Arthur,Owen,1915-03-23,British
759,unser,0,\N,Bobby,Unser,1934-02-20,American
760,adamich,0,\N,Andrea,de Adamich,1941-03-10,Italian
761,stacey,0,\N,Alan,Stacey,1933-08-29,British
762,sanesi,0,\N,Consalvo,Sanesi,1911-03-28,Italian
763,suzuki,0,\N,Aguri,Suzuki,1960-08-09,Japanese
764,georges_berger,0,\N,Georges,Berger,1918-09-14,Belgian
765,jimmy_stewart,0,\N,Jimmy,Stewart,1931-06-03,British
766,ascari,0,\N,Alberto,Ascari,1918-07-13,Italian
767,darter,0,\N,Duane,Carter,1913-05-05,American
768,boyd,0,\N,Johnny,Boyd,1926-08-19,American
769,flockhart,0,\N,Ron,Flockhart,1923-06-16,British
770,langes,0,\N,Claudio,Langes,1960-07-20,Italian
771,swaters,0,\N,Jacques,Swaters,1926-10-30,American
772,lagorce,0,\N,Franck,Lagorce,1968-01-09,French
773,reventlow,0,\N,Lance,Reventlow,1936-02-24,American
774,palmer,0,\N,Jonathan,Palmer,1956-07-11,British
775,larreta,0,\N,Alberto Rodriguez,Larreta,1934-01-14,Argentine
776,daigh,0,\N,Chuck,Daigh,1923-11-29,American
777,ruttman,0,\N,Troy,Ruttman,1930-03-11,American
778,chaboud,0,\N,Eugène,Chaboud,1907-04-12,French
779,ray_crawford,0,\N,Ray,Crawford,1915-10-26,American
780,apicella,0,\N,Marco,Apicella,1965-07-10,Italian
781,monteverdi,0,\N,Peter,Monteverdi,1934-07-06,Swiss
782,piper,0,\N,David,Piper,1930-02-12,British
783,craft,0,\N,Chris,Craft,1939-11-17,British
784,rothengatter,0,\N,Huub,Rothengatter,1954-08-10,Dutch
785,lammers,0,\N,Jan,Lammers,1956-02-06,Dutch
786,rosa,0,DLR,Pedro,de la Rosa,1971-02-24,Spanish
787,drogo,0,\N,Piero,Drogo,1926-08-08,Italian
788,bordeu,0,\N,Juan Manuel,Bordeu,1934-01-28,Argentine
789,fangio,0,\N,Juan,Fangio,1911-06-24,Argentine
790,dick_rathmann,0,\N,Dick,Rathmann,1924-06-01,American
791,rebaque,0,\N,Hector,Rebaque,1956-05-02,Mexican
792,raphanel,0,\N,Pierre-Henri,Raphanel,1961-05-27,French
793,schindler,0,\N,Bill,Schindler,1909-06-03,American
794,mcdowell,0,\N,Johnny,McDowell,1915-01-29,American
795,deletraz,0,\N,Jean-Denis,Délétraz,1963-01-10,Swiss
796,fabi,0,\N,Teo,Fabi,1955-09-03,Italian
797,gonzalez,0,\N,José Froilán,González,1922-05-10,Argentine
798,menditeguy,0,\N,Carlos,Menditeguy,1914-08-10,Argentine
799,nazaruk,0,\N,Mike,Nazaruk,1921-02-10,American
800,blokdyk,0,\N,Trevor,Blokdyk,1935-11-30,South African
801,drake,0,\N,Bob,Drake,1919-12-14,American
802,cheesbourg,0,\N,Bill,Cheesbourg,1927-06-12,American
803,rigsby,0,\N,Jim,Rigsby,1923-06-06,American
804,keegan,0,\N,Rupert,Keegan,1955-02-26,British
805,katayama,0,\N,Ukyo,Katayama,1963-05-29,Japanese
806,gimax,0,\N,Carlo,Franchi,1938-01-01,Italian
807,blundell,0,\N,Mark,Blundell,1966-08-04,British
808,beauman,0,\N,Don,Beauman,1928-07-26,British
809,mieres,0,\N,Roberto,Mieres,1924-03-12,Argentine
811,kennedy,0,\N,Dave,Kennedy,1953-01-15,Irish
812,walt_brown,0,\N,Walt,Brown,1911-12-30,American
813,opel,0,\N,Rikky,von Opel,1947-10-14,Liechtensteiner
814,giunti,0,\N,Ignazio,Giunti,1941-08-30,Italian
815,serra,0,\N,Chico,Serra,1957-03-02,Brazilian
816,pozzi,0,\N,Charles,Pozzi,1909-08-27,French
817,danner,0,\N,Christian,Danner,1958-04-04,German
818,heidfeld,0,HEI,Nick,Heidfeld,1977-05-10,German
819,salvadori,0,\N,Roy,Salvadori,1922-05-12,British
820,buemi,0,BUE,Sébastien,Buemi,1988-10-31,Swiss
821,lotterer,45,LOT,André,Lotterer,1981-11-19,German
822,prost,0,\N,Alain,Prost,1955-02-24,French
823,sospiri,0,\N,Vincenzo,Sospiri,1966-07-10,Italian
824,bisch,0,\N,Art,Bisch,1926-11-10,American
825,facetti,0,\N,Carlo,Facetti,1935-06-26,Italian
826,heyer,0,\N,Hans,Heyer,1943-03-16,German
827,papis,0,\N,Massimiliano,Papis,1969-03-10,Italian
828,holmes,0,\N,Jackie,Holmes,1920-04-09,American
829,daywalt,0,\N,Jimmy,Daywalt,1924-08-28,American
830,marko,0,\N,Helmut,Marko,1943-04-27,Austrian
831,testut,0,\N,André,Testut,1926-04-13,Monegasque
832,speed,0,SPE,Scott,Speed,1983-01-24,American
833,roos,0,\N,Bertil,Roos,1943-10-12,Swedish
834,connor,0,\N,Pat,O'Connor,1928-09-10,American
835,brendon_hartley,28,HAR,Brendon,Hartley,1989-11-10,New Zealander
836,sullivan,0,\N,Danny,Sullivan,1950-09-03,American
837,mccarthy,0,\N,Perry,McCarthy,1961-03-03,British
838,raikkonen,7,RAI,Kimi,Räikkönen,1979-10-17,Finnish
839,gasly,10,GAS,Pierre,Gasly,1996-07-02,French
840,botha,0,\N,Luki,Botha,1930-01-16,South African
841,thackwell,0,\N,Mike,Thackwell,1961-03-30,New Zealander
842,pon,0,\N,Ben,Pon,1936-09-12,Dutch
843,hulkenberg,27,HUL,Nico,Hülkenberg,1987-08-19,German
844,villeneuve,0,VIL,Jacques,Villeneuve,1971-09-04,Canadian
845,elford,0,\N,Vic,Elford,1935-06-10,British
846,morbidelli,0,\N,Gianni,Morbidelli,1968-01-13,Italian
847,markus_winkelhock,0,WIN,Markus,Winkelhock,1980-06-13,German
848,settember,0,\N,Tony,Settember,1926-07-10,American
849,munaron,0,\N,Gino,Munaron,1928-02-04,Italian
850,vergne,25,VER,Jean-Éric,Vergne,1990-04-25,French
851,satoru_nakajima,0,\N,Satoru,Nakajima,1953-02-23,Japanese
852,pretorius,0,\N,Jackie,Pretorius,1934-11-22,South African
853,fisher,0,\N,Mike,Fisher,1943-03-13,American
854,andretti,0,\N,Michael,Andretti,1962-05-10,American
